{
  "farmer": [
    {
      "id": 1,
      "assetid": "5286",
      "userid": "Farm001",
      "lotid": "123",
      "location": "texas",
      "weight": "3500pounds",
      "cattletype": "Breeding Heir",
      "target": "",
      "birthdate": "01-01-2012",
      "age": "10"
    },
    {
      "id": 2,
      "assetid": "5287",
      "userid": "Farm001",
      "lotid": "1123",
      "location": "ohio",
      "weight": "3000pounds",
      "cattletype": "Breeding Heir",
      "target": "",
      "birthdate": "01-01-2013",
      "age": "4"
    },
    {
      "id": 3,
      "assetid": "5288",
      "userid": "Farm001",
      "lotid": "1123",
      "location": "Washington",
      "weight": "2000pounds",
      "cattletype": "Breeding Heir",
      "target": "",
      "birthdate": "01-01-2014",
      "age": "4"
    },
    {
      "id": 4,
      "assetid": "5289",
      "userid": "Farm001",
      "lotid": "1123",
      "location": "texas",
      "weight": "2000pounds",
      "cattletype": "Breeding Heir",
      "target": "",
      "birthdate": "12-05-2014",
      "age": "4"
    },
    {
      "id": 5,
      "assetid": "5290",
      "userid": "Farm001",
      "lotid": "1123",
      "location": "texas",
      "weight": "2000pounds",
      "cattletype": "Breeding Heir",
      "target": "Ph001",
      "birthdate": "12-05-2014",
      "age": "4"
    },
    {
      "id": 6,
      "assetid": "5291",
      "userid": "Farm001",
      "lotid": "1123",
      "location": "texas",
      "weight": "2000pounds",
      "cattletype": "Breeding Heir",
      "target": "",
      "birthdate": "12-05-2014",
      "age": "4"
    },
    {
      "id": 7,
      "assetid": "5292",
      "userid": "Farm001",
      "lotid": "1123",
      "location": "texas",
      "weight": "2000pounds",
      "cattletype": "Breeding Heir",
      "target": "",
      "birthdate": "12-05-2014",
      "age": "4"
    },
    {
      "id": 8,
      "assetid": "1020",
      "userid": "Farm001",
      "lotid": "1123",
      "location": "texas",
      "weight": "2000pounds",
      "cattletype": "Breeding Heir",
      "target": "",
      "birthdate": "12-05-2014",
      "age": "4"
    },
    {
      "id": 9,
      "assetid": "1021",
      "userid": "Farm001",
      "lotid": "1123",
      "location": "texas",
      "weight": "2000pounds",
      "cattletype": "Breeding Heir",
      "target": "",
      "birthdate": "12-05-2014",
      "age": "4"
    },
    {
      "id": 10,
      "assetid": "1022",
      "userid": "Far001",
      "lotid": "1123",
      "location": "texas",
      "weight": "2000pounds",
      "cattletype": "Breeding Heir",
      "target": "",
      "birthdate": "12-05-2014",
      "age": "4"
    },
    {
      "id": 11,
      "assetid": "1023",
      "userid": "Far001",
      "lotid": "1123",
      "location": "texas",
      "weight": "2000pounds",
      "cattletype": "Breeding Heir",
      "target": "",
      "birthdate": "12-05-2014",
      "age": "4"
    },
    {
      "id": 12,
      "assetid": "1024",
      "userid": "Far001",
      "lotid": "1123",
      "location": "texas",
      "weight": "2000pounds",
      "cattletype": "Breeding Heir",
      "target": "",
      "birthdate": "12-05-2014",
      "age": "4"
    },
    {
      "id": 13,
      "assetid": "1025",
      "userid": "Far001",
      "lotid": "1123",
      "location": "texas",
      "weight": "2000pounds",
      "cattletype": "Breeding Heir",
      "target": "",
      "birthdate": "12-05-2014",
      "age": "4"
    },
    {
      "id": 14,
      "assetid": "1",
      "userid": "Farm001",
      "lotid": "123",
      "location": "texas",
      "weight": "3050pounds",
      "cattletype": "Breeding Heir",
      "target": "",
      "birthdate": "01-01-2012",
      "age": "10"
    },		
    {
      "id": 15,
      "assetid": "2",
      "userid": "Farm001",
      "lotid": "123",
      "location": "texas",
      "weight": "3090pounds",
      "cattletype": "Breeding Heir",
      "target": "",
      "birthdate": "01-01-2012",
      "age": "10"
    },	
	    {
      "id": 16,
      "assetid": "3",
      "userid": "Farm001",
      "lotid": "123",
      "location": "texas",
      "weight": "799pounds",
      "cattletype": "Breeding Heir",
      "target": "",
      "birthdate": "01-01-2012",
      "age": "10"
    },
	    {
      "id": 17,
      "assetid": "4",
      "userid": "Farm001",
      "lotid": "123",
      "location": "texas",
      "weight": "200pounds",
      "cattletype": "Breeding Heir",
      "target": "",
      "birthdate": "01-01-2012",
      "age": "10"
    },
		    {
      "id": 18,
      "assetid": "5",
      "userid": "Farm001",
      "lotid": "123",
      "location": "texas",
      "weight": "300pounds",
      "cattletype": "Breeding Heir",
      "target": "",
      "birthdate": "01-01-2012",
      "age": "10"
    }
  ],
  "cattle": [
    {
      "id": 1,
      "cattletype": "Breeding Heifer",
      "weight": "1000pounds",
      "location": "dallas"
    },
    {
      "id": 2,
      "cattletype": "Heifer",
      "weight": "500pounds",
      "location": "newjersy"
    },
    {
      "id": 3
    },
    {
      "id": 4
    },
    {
      "id": 5
    },
    {
      "cattletype": "breeding heir",
      "weight": "3000pounds",
      "location": "chennai",
      "id": 6
    },
    {
      "cattletype": "bfffs",
      "weight": "34455",
      "location": "sgsfg",
      "id": 7
    },
    {
      "cattletype": "1111",
      "weight": "111",
      "location": "111",
      "id": 8
    },
    {
      "cattletype": "6666",
      "weight": "6666",
      "location": "6666",
      "id": 9
    },
    {
      "cattletype": "breeding heir",
      "weight": "1000pounds",
      "location": "texas",
      "id": 10
    },
    {
      "cattletype": "breeding heir",
      "weight": "1000",
      "location": "texas",
      "id": 11
    },
    {
      "cattletype": "bvvvvv",
      "weight": "2222",
      "location": "tnagar",
      "id": 12
    },
    {
      "cattletype": "bbbb",
      "weight": "1111",
      "location": "texas",
      "id": 13
    },
    {
      "cattletype": "breed",
      "weight": "0000",
      "location": "bangalore",
      "id": 14
    }
  ],
  "processingHouse": [
    {
      "assetid": "1000",
      "userid": "Ph001",
      "status": "processing",
      "target": "",
      "packingdate": "12-12-2018",
      "useby": "18-01-2019",
      "location": "houston"
    },
    {
      "assetid": "1001",
      "userid": "Ph001",
      "status": "processing",
      "target": "",
      "packingdate": "12-12-2018",
      "useby": "01-12-2019",
      "location": "houston"
    },
    {
      "assetid": "1002",
      "userid": "Ph001",
      "status": "processing",
      "target": "warehouse1",
      "packingdate": "12-12-2018",
      "useby": "18-12-2019",
      "location": "houston"
    },
    {
      "assetid": "1003",
      "userid": "Ph001",
      "status": "processing",
      "target": "",
      "packingdate": "12-12-2018",
      "useby": "18-12-2019",
      "location": "houston"
    },
    {
      "assetid": "1004",
      "userid": "Ph001",
      "status": "processing",
      "target": "",
      "packingdate": "12-12-2018",
      "useby": "18-12-2020",
      "location": "Texas"
    }
  ],
  "wareHouse": [
    {
      "assetid": "2000",
      "userid": "Wh001",
      "status": "processing",
      "target": "Ds001",
      "binlocation": "loc2A",
      "racktype": "rack3B",
      "deliverby": "12-12-18",
      "intime": "12-10-2018 09:15:00",
      "location": "detroit"
    },
    {
      "assetid": "2001",
      "userid": "Wh001",
      "status": "processing",
      "target": "Ds001",
      "binlocation": "loc2A",
      "racktype": "rack3B",
      "deliverby": "12-12-18",
      "intime": "12-10-2018 10:15:00",
      "location": "detroit"
    },
    {
      "assetid": "2002",
      "userid": "Wh001",
      "status": "processing",
      "target": "Ds001",
      "binlocation": "loc2A",
      "racktype": "rack3B",
      "deliverby": "12-12-18",
      "intime": "12-10-2018 09:15:00",
      "location": "detroit"
    },
    {
      "assetid": "2003",
      "userid": "Wh001",
      "status": "processing",
      "target": "Ds001",
      "binlocation": "loc1A",
      "racktype": "rack3B",
      "deliverby": "12-12-18",
      "intime": "12-10-2018 10:15:00",
      "location": "detroit"
    },
    {
      "assetid": "2004",
      "userid": "Wh001",
      "status": "processing",
      "target": "Ds001",
      "binlocation": "loc1A",
      "racktype": "rack3B",
      "deliverby": "12-12-18",
      "intime": "12-10-2018 09:15:00",
      "location": "detroit"
    },
	    {
      "assetid": "2005",
      "userid": "Wh001",
      "status": "processing",
      "target": "Ds001",
      "binlocation": "loc1A",
      "racktype": "rack3B",
      "deliverby": "12-12-18",
      "intime": "12-10-2018 09:15:00",
      "location": "detroit"
    },
	    {
      "assetid": "2006",
      "userid": "Wh001",
      "status": "processing",
      "target": "Ds001",
      "binlocation": "loc1A",
      "racktype": "rack3B",
      "deliverby": "12-12-18",
      "intime": "12-10-2018 09:15:00",
      "location": "detroit"
    },
	    {
      "assetid": "2007",
      "userid": "Wh001",
      "status": "processing",
      "target": "Ds001",
      "binlocation": "loc1A",
      "racktype": "rack3B",
      "deliverby": "12-12-18",
      "intime": "12-10-2018 09:15:00",
      "location": "detroit"
    }
  ],
  "distributor": [
    {
      "assetid": "3000",
      "userid": "Dist001",
      "status": "",
      "target": "",
      "sono": "loc1A",
      "truckid": "rack3B",
      "deliverby": "12-12-18",
      "customerlocation": "detroit"
    },
    {
      "assetid": "3001",
      "userid": "Dist001",
      "status": "",
      "target": "",
      "sono": "loc1A",
      "truckid": "rack3B",
      "deliverby": "01-12-18",
      "customerlocation": "detroit"
    },
    {
      "assetid": "3002",
      "userid": "Dist001",
      "status": "",
      "target": "",
      "sono": "loc1A",
      "truckid": "rack3B",
      "deliverby": "12-01-18",
      "customerlocation": "detroit"
    },
    {
      "assetid": "3003",
      "userid": "Dist001",
      "status": "",
      "target": "",
      "sono": "loc1A",
      "truckid": "rack3B",
      "deliverby": "12-12-18",
      "customerlocation": "detroit"
    }
  ],
  "iotdata": [
    {
      "binlocation": "loc1A",
      "starttime": "12-10-2018 10:00:00",
      "sensor": "s1",
      "endtime": "12-10-2018 11:00:00",
      "temperature": "25"
    },
    {
      "binlocation": "loc2A",
      "starttime": "12-10-2018 10:00:00",
      "sensor": "s2",
      "endtime": "12-10-2018 11:00:00",
      "temperature": "25"
    },
    {
      "binlocation": "loc3A",
      "starttime": "12-10-2018 12:00:00",
      "sensor": "s3",
      "endtime": "12-10-2018 13:00:00",
      "temperature": "25"
    },
    {
      "binlocation": "loc4A",
      "starttime": "12-10-2018 13:00:00",
      "sensor": "s4",
      "endtime": "12-10-2018 14:00:00",
      "temperature": "25"
    },
    {
      "binlocation": "loc5A",
      "starttime": "12-10-2018 15:00:00",
      "sensor": "s5",
      "endtime": "12-10-2018 16:00:00",
      "temperature": "25"
    }
  ]
}