{
  "farmer": [
    {
      "id": 1,
      "assetid": "5286",
      "userid": "F002",
      "lotid": "123",
      "location": "texas",
      "weight": "300pounds",
      "cattletype": "Breeding Heir",
      "target": "Ph001",
      "birthdate": "12-12-2008",
      "age": "10"
    },
    {
      "id": 2,
      "assetid": "5287",
      "userid": "F001",
      "lotid": "1123",
      "location": "texas",
      "weight": "2000pounds",
      "cattletype": "Breeding Heir",
      "target": "Ph001",
      "birthdate": "12-05-2014",
      "age": "4"
    },
    {
      "id": 3,
      "assetid": "5386",
      "userid": "F001",
      "lotid": "1123",
      "location": "texas",
      "weight": "2000pounds",
      "cattletype": "Breeding Heir",
      "target": "Ph001",
      "birthdate": "12-05-2014",
      "age": "4"
    },	
    {
      "id": 4,
      "assetid": "1000",
      "userid": "F001",
      "lotid": "1123",
      "location": "texas",
      "weight": "2000pounds",
      "cattletype": "Breeding Heir",
      "target": "Ph001",
      "birthdate": "12-05-2014",
      "age": "4"
    },	
    {
      "id": 5,
      "assetid": "1001",
      "userid": "F001",
      "lotid": "1123",
      "location": "texas",
      "weight": "2000pounds",
      "cattletype": "Breeding Heir",
      "target": "Ph001",
      "birthdate": "12-05-2014",
      "age": "4"
    },	
	    {
      "id": 6,
      "assetid": "1004",
      "userid": "F001",
      "lotid": "1123",
      "location": "texas",
      "weight": "2000pounds",
      "cattletype": "Breeding Heir",
      "target": "Ph001",
      "birthdate": "12-05-2014",
      "age": "4"
    },	
	    {
      "id": 7,
      "assetid": "1006",
      "userid": "F001",
      "lotid": "1123",
      "location": "texas",
      "weight": "2000pounds",
      "cattletype": "Breeding Heir",
      "target": "Ph001",
      "birthdate": "12-05-2014",
      "age": "4"
    },	
	    {
      "id": 8,
      "assetid": "1020",
      "userid": "F001",
      "lotid": "1123",
      "location": "texas",
      "weight": "2000pounds",
      "cattletype": "Breeding Heir",
      "target": "",
      "birthdate": "12-05-2014",
      "age": "4"
    },
	    {
      "id": 9,
      "assetid": "1021",
      "userid": "F001",
      "lotid": "1123",
      "location": "texas",
      "weight": "2000pounds",
      "cattletype": "Breeding Heir",
      "target": "",
      "birthdate": "12-05-2014",
      "age": "4"
    },	
		    {
      "id": 10,
      "assetid": "1022",
      "userid": "Far001",
      "lotid": "1123",
      "location": "texas",
      "weight": "2000pounds",
      "cattletype": "Breeding Heir",
      "target": "",
      "birthdate": "12-05-2014",
      "age": "4"
    },
		    {
      "id": 11,
      "assetid": "1023",
      "userid": "Far001",
      "lotid": "1123",
      "location": "texas",
      "weight": "2000pounds",
      "cattletype": "Breeding Heir",
      "target": "",
      "birthdate": "12-05-2014",
      "age": "4"
    },
			    {
      "id": 12,
      "assetid": "1024",
      "userid": "Far001",
      "lotid": "1123",
      "location": "texas",
      "weight": "2000pounds",
      "cattletype": "Breeding Heir",
      "target": "",
      "birthdate": "12-05-2014",
      "age": "4"
    },
				    {
      "id": 13,
      "assetid": "1025",
      "userid": "Far001",
      "lotid": "1123",
      "location": "texas",
      "weight": "2000pounds",
      "cattletype": "Breeding Heir",
      "target": "",
      "birthdate": "12-05-2014",
      "age": "4"
    },
				    {
      "id": 14,
      "assetid": "1026",
      "userid": "Far001",
      "lotid": "1123",
      "location": "texas",
      "weight": "2000pounds",
      "cattletype": "Breeding Heir",
      "target": "",
      "birthdate": "12-05-2014",
      "age": "4"
    },
				    {
      "id": 15,
      "assetid": "1027",
      "userid": "Far001",
      "lotid": "1123",
      "location": "texas",
      "weight": "2000pounds",
      "cattletype": "Breeding Heir",
      "target": "",
      "birthdate": "12-05-2014",
      "age": "4"
    },
					    {
      "id": 16,
      "assetid": "1028",
      "userid": "Far001",
      "lotid": "1123",
      "location": "texas",
      "weight": "2000pounds",
      "cattletype": "Breeding Heir",
      "target": "",
      "birthdate": "12-05-2014",
      "age": "4"
    },
					    {
      "id": 17,
      "assetid": "1029",
      "userid": "Far001",
      "lotid": "1123",
      "location": "texas",
      "weight": "2000pounds",
      "cattletype": "Breeding Heir",
      "target": "",
      "birthdate": "12-05-2014",
      "age": "4"
    },
					    {
      "id": 18,
      "assetid": "1030",
      "userid": "Far001",
      "lotid": "1123",
      "location": "texas",
      "weight": "2000pounds",
      "cattletype": "Breeding Heir",
      "target": "",
      "birthdate": "12-05-2014",
      "age": "4"
    },
					    {
      "id": 19,
      "assetid": "1031",
      "userid": "Far001",
      "lotid": "1123",
      "location": "texas",
      "weight": "2000pounds",
      "cattletype": "Breeding Heir",
      "target": "",
      "birthdate": "12-05-2014",
      "age": "4"
    },
						    {
      "id": 20,
      "assetid": "9000",
      "userid": "Far001",
      "lotid": "1123",
      "location": "texas",
      "weight": "2000pounds",
      "cattletype": "Breeding Heir",
      "target": "",
      "birthdate": "12-05-2014",
      "age": "4"
    },
    {
      "assetid": "1111",
      "userid": "F001",
      "target": "ph02",
      "location": "texas",
      "weight": "2000pounds",
      "cattletype": "Breeding Heir",
      "id": 73
    },	
    {
      "assetid": "1113",
      "userid": "F001",
      "target": "ph02",
      "location": "texas",
      "weight": "2000pounds",
      "cattletype": "Breeding Heir",
      "id": 73
    },		
    {
      "assetid": "1114",
      "userid": "F001",
      "target": "ph02",
      "location": "texas",
      "weight": "2000pounds",
      "cattletype": "Breeding Heir",
      "id": 73
    },		
    {
      "assetid": "5287",
      "userid": "F001",
      "target": "ph02",
      "location": "texas",
      "weight": "2000pounds",
      "cattletype": "Breeding Heir",
      "id": 73
    }
  ],
  "cattle": [
    {
      "id": 1,
      "cattletype": "Breeding Heifer",
      "weight": "1000pounds",
      "location": "dallas"
    },
    {
      "id": 2,
      "cattletype": "Heifer",
      "weight": "500pounds",
      "location": "newjersy"
    },
    {
      "id": 3
    },
    {
      "id": 4
    },
    {
      "id": 5
    },
    {
      "cattletype": "breeding heir",
      "weight": "3000pounds",
      "location": "chennai",
      "id": 6
    },
    {
      "cattletype": "bfffs",
      "weight": "34455",
      "location": "sgsfg",
      "id": 7
    },
    {
      "cattletype": "1111",
      "weight": "111",
      "location": "111",
      "id": 8
    },
    {
      "cattletype": "6666",
      "weight": "6666",
      "location": "6666",
      "id": 9
    },
    {
      "cattletype": "breeding heir",
      "weight": "1000pounds",
      "location": "texas",
      "id": 10
    },
    {
      "cattletype": "breeding heir",
      "weight": "1000",
      "location": "texas",
      "id": 11
    },
    {
      "cattletype": "bvvvvv",
      "weight": "2222",
      "location": "tnagar",
      "id": 12
    },
    {
      "cattletype": "bbbb",
      "weight": "1111",
      "location": "texas",
      "id": 13
    },
    {
      "cattletype": "breed",
      "weight": "0000",
      "location": "bangalore",
      "id": 14
    }
  ],
  "processingHouse": [
      {
      "assetid": "1010",
      "userid": "Ph001",
      "status": "processing",
      "target": "",
      "packingdate": "12-12-2018",
      "useby": "18-12-2018",
      "location": "houston"
    },
    {
      "assetid": "1012",
      "userid": "Ph001",
      "status": "processing",
      "target": "",
      "packingdate": "12-12-2018",
      "useby": "18-12-2018",
      "location": "houston"
    },
    {
      "assetid": "1013",
      "userid": "Ph001",
      "status": "processing",
      "target": "warehouse1",
      "packingdate": "12-12-2018",
      "useby": "18-12-2018",
      "location": "houston"
    },	
	    {
      "assetid": "2000",
      "userid": "Ph001",
      "status": "processing",
      "target": "",
      "packingdate": "12-12-2018",
      "useby": "18-12-2018",
      "location": "houston"
    },
	
    {
      "assetid": "2001",
      "userid": "45678",
      "status": "processing",
      "target": "",
      "packingdate": "12-12-2018",
      "useby": "18-12-2018",
      "location": "Texas"
    },
    {
      "assetid": "123456",
      "userid": "456789",
      "status": "processing",
      "target": "",
      "packingdate": "12-12-2018",
      "useby": "18-12-2018",
      "location": "houston"
    }
  ],
  "wareHouse": [
    {
      "assetid": "666",
      "userid": "Wh001",
      "status": "processing",
      "target": "warehouse1",
      "binlocation": "loc1A",
      "racktype": "rack3B",
      "deliverby": "12-12-18",
      "intime":"12-10-2018",
      "location": "detroit"
    },
    {
      "assetid": "1002",
      "userid": "Wh001",
      "status": "processing",
      "target": "",
      "binlocation": "loc1A",
      "racktype": "rack3B",
      "deliverby": "12-12-18",
      "intime":"12-10-2018",
      "location": "detroit"
    },	
    {
      "assetid": "1003",
      "userid": "Wh001",
      "status": "processing",
      "target": "",
      "binlocation": "loc1A",
      "racktype": "rack3B",
      "deliverby": "12-12-18",
      "intime":"12-10-2018",
      "location": "detroit"
    },
    {
      "assetid": "1004",
      "userid": "Wh001",
      "status": "processing",
      "target": "",
      "binlocation": "loc1A",
      "racktype": "rack3B",
      "deliverby": "12-12-18",
      "intime":"12-10-2018",
      "location": "detroit"
    },	
    {
      "assetid": "5286",
      "userid": "Wh001",
      "status": "processing",
      "target": "",
      "binlocation": "loc1A",
      "racktype": "rack3B",
      "deliverby": "12-12-18",
      "intime":"12-10-2018",
      "location": "detroit"
    },		
    {
      "assetid": "7777",
      "userid": "Wh001",
      "status": "processing",
      "target": "warehouse1",
      "binlocation": "loc2A",
      "racktype": "rack6B",
      "deliverby": "12-12-18",
      "intime":"12-10-2018",
      "location": "detroit"
    },
    {
      "assetid": "123456",
      "userid": "Wh001",
      "status": "processing",
      "target": "warehouse3",
      "binlocation": "loc2A",
      "racktype": "rack3B",
      "deliverby": "12-12-18",
      "intime":"12-10-2018",
      "location": "detroit"
    }
  ],
  "iotdata": [
    {
      "binlocation": "loc1A",
      "endtime": "13-12-18"
    },
    {
      "binlocation": "loc2A",
      "endtime": "13-12-18"
    },
    {
      "binlocation": "loc3A",
      "endtime": "13-12-18"
    }
  ]
  
  
  }
